RMSE,R2
7.489653201294855,0.6126935754809586
8.336591155904909,0.6468737844743913
16.824767729658532,0.21212793383486417
10.784744438417368,0.06380626086948488
10.553980115283569,0.24958556269496449
6.0961580072802395,0.5865285899616297
6.7637630394159425,0.7040760170594268
11.912345528108686,0.017907888355189437
9.355239548541796,0.34263813439372864
6.400026134898423,0.7539245504675043
