RMSE,R2
7.110690403888265,0.5707395735652236
6.9405521456223624,0.5592251968915369
5.564311896033133,0.6654094048677139
4.8875977379623805,0.8036381306734552
6.969600170188736,0.598207865413183
7.599112610212085,0.798117939396252
13.715900001680028,0.04470921751601385
9.25804471631252,0.5869905639951342
8.590530388222636,0.2796100931668763
9.161223930280059,0.5060832749888732
