RMSE,R2
5.01025945527848,0.747067594719419
4.744352103572947,0.805233845990303
15.635746604616626,-0.3280079573231338
6.569632388884643,0.8259571280667893
10.16574690989953,0.6591190672534635
6.41359659788591,-0.26269915958809065
7.947669233831292,0.21198767242729588
4.235414597331915,0.7975019599821751
12.533045025969164,-0.19023025963592183
14.574451825171968,-0.3993819285282552
