RMSE,R2
13.000519738451116,0.5073594230617703
7.75569965453374,0.6919603122158012
5.426666490176155,0.6584109614886197
6.226864402359108,0.5452487874242655
5.859612137044204,0.5541765381894446
11.75722806593128,0.8444665116676151
6.541975611598285,0.5315478480019664
6.414586313884292,0.7166538650473284
4.804579971729557,0.7047444716385971
7.559824706347116,0.7981787087529312
