RMSE,R2
5.449431683560344,0.9634230828623996
23.507041201468894,0.7674944554598027
9.620590798282796,0.9123457268538624
7.788155363370309,0.9098792770183913
