RMSE,R2
5.449431683560344,0.9039059155227983
23.507041201468894,0.8817083021885469
9.620590798282796,0.7177170318413467
7.788155363370309,0.41080321395920244
2.045126925235964,0.9598593959289291
8.735917590232393,0.9821556032102707
8.048754217492617,0.8150747345493903
8.756599282256945,0.8199332242678303
4.217794201542645,0.8146250308780084
25.830877312956034,0.7724180489279048
