RMSE,R2
6.888746708505046,0.47198385289747585
5.796283829598212,0.5964436130581268
5.21336342570299,0.8160013169751206
8.682492071575156,0.44562970075026664
3.229049617359002,0.9419437493688839
7.119610918442156,0.4193744892965032
3.1707992438460715,0.9148536526676239
5.504294224956032,0.1698562729148815
4.380130279331355,0.9115617825128768
2.7877741103405653,0.8969975160051297
