RMSE,R2
7.319436018633098,0.7063877871944669
8.1460128828065,0.6618144229133263
17.070294566285792,0.15379460427726027
10.217384631312624,0.16078058406364493
10.949423477269262,0.156385513012716
6.752191050958464,0.47212353705845417
6.523519910629563,0.7207474512991081
10.251618403264068,0.1389664557602127
9.086712996737042,0.34866179195142394
6.014027586461623,0.7749418463242578
