RMSE,R2
8.1032402920211,0.2543329621921652
9.556242694672303,0.8285683918114262
5.556031401100447,0.5518717308659477
8.877862961549628,0.6761200880517254
10.926200747664032,-0.06451002669704264
8.620634430075139,0.3235929088997008
4.714403465073093,0.773614784445797
8.28922506117056,0.773358703455949
4.322011273569236,0.6541348456584004
6.986419692965484,0.5436145649524301
