RMSE,R2
7.547551840234194,0.4916096578609853
9.49615237484654,0.2558412293660361
3.8772829158035598,0.8138642247754326
6.195468701037774,0.6107559814739165
10.540649438681447,0.7214511964809794
19.339735574536363,-0.19696055949479996
14.362351522678015,0.29096060583747146
3.3052624520282308,0.9289592461450116
7.815152143292121,0.4217024479661274
15.541989879294771,-0.08257848894543156
