RMSE,R2
13.110122247489839,0.5106287613385175
8.94388846226717,0.6463699087897308
5.749619694217901,0.6274289057282401
5.9719894542337615,0.5825695174588331
6.4748312794722835,0.557375063477638
11.443936943589858,0.8294882291410411
6.742200032892221,0.5093086389530845
6.734093556458864,0.6056588592942024
5.095283278738435,0.6913425669338344
8.36558981143278,0.7757276828850286
