RMSE,R2
9.878719974617661,0.7764484731876813
6.596351496765029,0.7127457202535582
9.405402356709857,0.47574139880062316
12.35230365645178,0.2539079765921505
8.416597078000486,0.6962415201889947
10.684548857959944,0.5914749452559744
6.910825550466776,0.7267419147902722
13.336587798833232,0.23381295907076846
7.553369607279663,0.5567518557947332
8.174782380489363,0.6631173240953673
